Day	E49023055 => Conversion failed when converting from a character string to uniqueidentifier.	E30819859 => Transaction (Process ID 81) was deadlocked on lock resources with another process and has been chosen as the deadlock victim. Rerun the transaction.	E14243264 => Transaction (Process ID 72) was deadlocked on lock resources with another process and has been chosen as the deadlock victim. Rerun the transaction.	E55857798 => Transaction (Process ID 70) was deadlocked on lock resources with another process and has been chosen as the deadlock victim. Rerun the transaction.	E11391372 => Transaction (Process ID 72) was deadlocked on lock resources with another process and has been chosen as the deadlock victim. Rerun the transaction.	E28398721 => Transaction (Process ID 121) was deadlocked on lock resources with another process and has been chosen as the deadlock victim. Rerun the transaction.	E12003 => Error while getting user information	E644576 => Conversion failed when converting from a character string to uniqueidentifier.	E12000 => Invalid Username or Password	E56755874 => Transaction (Process ID 75) was deadlocked on lock resources with another process and has been chosen as the deadlock victim. Rerun the transaction.	E38257572 => Transaction (Process ID 171) was deadlocked on lock resources with another process and has been chosen as the deadlock victim. Rerun the transaction.	E12628719 => Timeout expired.  The timeout period elapsed prior to completion of the operation or the server is not responding.	E6776965 => Timeout expired.  The timeout period elapsed prior to completion of the operation or the server is not responding.	E55123325 => Timeout expired.  The timeout period elapsed prior to completion of the operation or the server is not responding.	E63068155 => Conversion failed when converting from a character string to uniqueidentifier.	E48963524 => Transaction (Process ID 67) was deadlocked on lock resources with another process and has been chosen as the deadlock victim. Rerun the transaction.	E13122305 => Transaction (Process ID 111) was deadlocked on lock resources with another process and has been chosen as the deadlock victim. Rerun the transaction.	E15961884 => Transaction (Process ID 170) was deadlocked on lock resources with another process and has been chosen as the deadlock victim. Rerun the transaction.	E10000 => The account that you are trying to update does not exist	E42815930 => Transaction (Process ID 129) was deadlocked on lock resources with another process and has been chosen as the deadlock victim. Rerun the transaction.	E21148883 => Conversion failed when converting from a character string to uniqueidentifier.	E42313572 => Transaction (Process ID 93) was deadlocked on lock resources with another process and has been chosen as the deadlock victim. Rerun the transaction.	E39926914 => Transaction (Process ID 156) was deadlocked on lock resources with another process and has been chosen as the deadlock victim. Rerun the transaction.	E25911742 => Conversion failed when converting from a character string to uniqueidentifier.	E64653367 => Transaction (Process ID 78) was deadlocked on lock resources with another process and has been chosen as the deadlock victim. Rerun the transaction.	E19806910 => Timeout expired.  The timeout period elapsed prior to completion of the operation or the server is not responding.	E13218831 => Transaction (Process ID 101) was deadlocked on lock resources with another process and has been chosen as the deadlock victim. Rerun the transaction.	E6376815 => Transaction (Process ID 92) was deadlocked on lock resources with another process and has been chosen as the deadlock victim. Rerun the transaction.	E46090240 => Conversion failed when converting from a character string to uniqueidentifier.	E114 => VeriSign - Code:114 - Message: CVV2 Mismatch	E13005 => Error while executing stored procedure	E62487512 => Transaction (Process ID 93) was deadlocked on lock resources with another process and has been chosen as the deadlock victim. Rerun the transaction.	E52386937 => Transaction (Process ID 114) was deadlocked on lock resources with another process and has been chosen as the deadlock victim. Rerun the transaction.	E33457403 => Timeout expired.  The timeout period elapsed prior to completion of the operation or the server is not responding.	E49619873 => Conversion failed when converting from a character string to uniqueidentifier.	E99 => VeriSign - Code:99 - Message: General error	E17261434 => Transaction (Process ID 77) was deadlocked on lock resources with another process and has been chosen as the deadlock victim. Rerun the transaction.	E41819056 => Conversion failed when converting from a character string to uniqueidentifier.	E47111321 => Transaction (Process ID 85) was deadlocked on lock resources with another process and has been chosen as the deadlock victim. Rerun the transaction.	E52170809 => Transaction (Process ID 88) was deadlocked on lock resources with another process and has been chosen as the deadlock victim. Rerun the transaction.	E27043060 => Transaction (Process ID 270) was deadlocked on lock resources with another process and has been chosen as the deadlock victim. Rerun the transaction.	E1635608 => Conversion failed when converting from a character string to uniqueidentifier.	E17905398 => Transaction (Process ID 100) was deadlocked on lock resources with another process and has been chosen as the deadlock victim. Rerun the transaction.	E66098688 => Transaction (Process ID 79) was deadlocked on lock resources with another process and has been chosen as the deadlock victim. Rerun the transaction.	E49359990 => Transaction (Process ID 113) was deadlocked on lock resources with another process and has been chosen as the deadlock victim. Rerun the transaction.	E15428847 => Conversion failed when converting from a character string to uniqueidentifier.	E44843901 => Transaction (Process ID 76) was deadlocked on lock resources with another process and has been chosen as the deadlock victim. Rerun the transaction.	E40593284 => Transaction (Process ID 94) was deadlocked on lock resources with another process and has been chosen as the deadlock victim. Rerun the transaction.	E51177108 => Transaction (Process ID 78) was deadlocked on lock resources with another process and has been chosen as the deadlock victim. Rerun the transaction.	E28162382 => A transport-level error has occurred when sending the request to the server. (provider: TCP Provider, error: 0 - An existing connection was forcibly closed by the remote host.)	E15020 => Error while processing the purchase: The operation has timed out System.Web.Services    at System.Web.Services.Protocols.WebClientProtocol.GetWebResponse(WebRequest request)    at System.Web.Services.Protocols.HttpWebClientProtocol.GetWebResponse(WebRequest request)    at System.Web.Services.Protocols.SoapHttpClientProtocol.Invoke(String methodName, Object[] parameters)    at Protech.WebPortal.Bridge.Lib.CRM4MSDKWS.CRM4MSDK.SubmitOrder(CheckOut Invoice)    at Protech.WebPortal.Bridge.Lib.Purchase.Process()	E13559357 => Transaction (Process ID 78) was deadlocked on lock resources with another process and has been chosen as the deadlock victim. Rerun the transaction.	E4809006 => Transaction (Process ID 68) was deadlocked on lock resources with another process and has been chosen as the deadlock victim. Rerun the transaction.	E32524934 => Timeout expired.  The timeout period elapsed prior to completion of the operation or the server is not responding.	E6939753 => Timeout expired.  The timeout period elapsed prior to completion of the operation or the server is not responding.	E32 => VeriSign - Code:-32 - Message: The certificate chain did not validate, common name did not match URL. Input Server Uri = https://payflowpro.paypal.com/	E33355085 => Transaction (Process ID 200) was deadlocked on lock resources with another process and has been chosen as the deadlock victim. Rerun the transaction.	E1782877 => Transaction (Process ID 138) was deadlocked on lock resources with another process and has been chosen as the deadlock victim. Rerun the transaction.	E24 => VeriSign - Code:24 - Message: Invalid expiration date	E23 => VeriSign - Code:23 - Message: Invalid account number	E23003008 => Transaction (Process ID 121) was deadlocked on lock resources with another process and has been chosen as the deadlock victim. Rerun the transaction.	E57768694 => Transaction (Process ID 186) was deadlocked on lock resources with another process and has been chosen as the deadlock victim. Rerun the transaction.	E1000 => VeriSign - Code:1000 - Message: Generic processor error	E3082670 => Transaction (Process ID 78) was deadlocked on lock resources with another process and has been chosen as the deadlock victim. Rerun the transaction.	E13 => VeriSign - Code:13 - Message: Referral	E12 => VeriSign - Code:12 - Message: Declined	E18385823 => Transaction (Process ID 90) was deadlocked on lock resources with another process and has been chosen as the deadlock victim. Rerun the transaction.	E9489301 => Transaction (Process ID 75) was deadlocked on lock resources with another process and has been chosen as the deadlock victim. Rerun the transaction.	E38021203 => Transaction (Process ID 61) was deadlocked on lock resources with another process and has been chosen as the deadlock victim. Rerun the transaction.	E50 => VeriSign - Code:50 - Message: Insufficient funds available	E62458262 => Conversion failed when converting from a character string to uniqueidentifier.	E1 => Server was unable to process request. System.Web.Services    at System.Web.Services.Protocols.SoapHttpClientProtocol.ReadResponse(SoapClientMessage message, WebResponse response, Stream responseStream, Boolean asyncCall)    at System.Web.Services.Protocols.SoapHttpClientProtocol.Invoke(String methodName, Object[] parameters)    at Protech.WebPortal.SDK.Lib.crmsdk.CrmService.Execute(Request Request)    at Protech.WebPortal.SDK.Lib.WebDynamicEntity.CreateDynamicRecord(String entityXml)    at Protech.WebPortal.SDK.Lib.Vouchers.CreateVouchers()    at Protech.WebPortal.SDK.Services.DataAccess.Create_Invoice.PostInvoice(CheckOut invoice)
0	0	0	0	0	0	0	483	0	0	0	0	0	0	0	0	0	0	0	0	0	0	0	0	0	0	0	0	0	0	0	457	0	0	0	0	0	0	0	0	0	0	0	0	0	0	0	0	0	0	0	3	0	0	0	0	0	0	0	2	1	0	0	0	1	1	18	0	0	0	0	0	0	
1	0	0	0	0	0	0	492	0	0	0	0	0	0	0	0	1	0	0	0	0	0	0	0	0	0	0	0	0	0	2	501	0	0	0	0	0	0	0	0	0	1	0	0	0	0	0	0	0	0	0	9	0	0	0	0	0	0	0	1	0	0	0	0	0	0	10	0	0	0	1	0	1	
2	0	0	0	0	0	0	402	0	0	0	0	0	0	0	0	0	0	0	0	0	0	0	0	0	0	0	0	0	0	0	431	1	0	0	0	0	0	0	0	0	0	0	0	0	0	0	0	0	0	0	5	0	0	0	0	0	0	0	0	0	0	0	0	0	0	14	0	0	0	0	0	0	
3	0	0	0	0	0	0	403	0	0	0	0	0	0	0	0	0	0	0	0	0	0	0	0	0	0	0	0	0	0	0	245	0	0	0	0	0	0	0	0	0	0	0	0	0	0	0	0	0	1	0	1	0	0	0	0	0	0	0	1	2	0	0	0	0	0	11	0	0	0	0	0	1	
4	0	0	0	0	0	0	369	0	1	0	0	0	0	0	0	0	0	0	0	0	0	0	0	0	0	0	0	0	0	0	225	0	0	0	0	0	0	0	0	0	0	0	0	0	0	0	0	0	0	0	5	0	0	0	0	0	0	0	2	0	0	0	0	0	0	5	0	0	0	0	0	0	
5	0	0	0	0	0	0	326	0	0	0	0	0	0	0	0	0	0	0	0	0	0	0	0	0	0	0	0	0	0	1	108	0	0	0	0	0	0	0	0	0	0	0	0	0	0	0	0	0	0	0	2	0	0	0	0	0	0	0	0	1	0	0	0	0	0	2	0	0	0	0	0	0	
6	0	0	0	0	0	0	298	0	0	0	0	0	0	0	0	0	0	0	0	0	0	0	0	0	0	0	0	0	0	0	118	0	0	0	0	0	0	0	0	0	0	0	0	0	0	0	0	0	0	0	5	0	0	0	0	0	0	0	0	0	0	0	0	0	0	3	0	0	0	0	0	0	
7	0	0	0	0	0	0	453	0	1	0	0	0	0	0	0	0	0	0	0	0	0	0	0	0	0	0	0	0	0	5	342	0	0	0	0	0	0	0	0	0	0	0	0	0	0	0	0	0	0	0	5	0	0	0	0	0	0	0	0	0	0	0	0	0	1	8	0	0	0	2	0	0	
8	0	0	0	0	0	0	513	0	0	0	0	0	0	0	0	0	0	0	0	0	0	1	0	0	0	0	0	0	1	0	316	0	0	0	0	0	0	1	0	0	0	0	0	0	0	0	0	0	0	0	6	0	0	0	0	0	0	0	0	3	0	0	2	0	0	8	0	0	0	3	0	0	
9	0	1	0	0	0	0	456	0	0	0	0	0	0	0	0	0	0	0	0	0	0	0	0	0	0	0	0	0	0	0	288	0	0	0	0	0	0	0	0	0	0	0	0	0	0	0	0	0	0	0	1	0	0	0	0	0	0	0	0	0	0	0	0	0	0	4	0	0	0	1	0	0	
10	0	0	0	0	0	0	391	0	0	0	0	0	0	0	0	0	0	0	0	0	0	0	0	0	0	0	0	0	0	0	251	0	0	0	0	0	0	0	0	0	0	0	0	0	0	0	0	0	0	0	2	0	0	0	0	0	0	0	0	0	0	0	0	0	0	3	0	0	0	0	0	0	
11	0	0	0	0	0	0	393	0	0	0	0	0	0	0	0	0	0	0	0	0	0	0	0	0	0	0	0	0	0	0	230	0	0	0	0	0	0	0	0	0	0	0	0	0	0	0	0	0	0	0	5	0	0	0	0	0	0	0	0	0	0	0	0	0	0	6	0	0	0	0	0	0	
12	0	0	0	0	0	0	315	0	0	0	0	0	0	0	0	0	0	0	1	0	0	0	0	0	0	0	0	0	0	0	110	0	0	0	0	0	0	0	0	0	0	0	0	0	0	0	0	0	0	0	3	0	0	0	0	0	0	0	0	1	0	0	0	0	0	5	0	0	0	0	0	0	
13	0	0	0	0	0	0	299	0	0	0	0	0	0	0	0	0	0	0	0	0	0	0	0	0	0	0	0	0	0	0	128	0	0	0	0	0	0	0	0	0	0	0	0	0	0	0	0	0	0	0	2	0	0	0	0	0	0	0	0	0	0	0	0	0	0	2	0	0	0	2	0	0	
14	0	0	0	0	0	0	380	0	1	0	0	0	0	0	0	0	0	0	0	0	0	0	0	0	0	0	0	0	0	0	281	0	0	0	0	0	1	0	0	0	0	0	0	0	0	0	0	0	0	0	4	0	0	0	0	0	0	0	0	0	0	0	0	0	0	1	0	0	1	0	0	0	
15	0	0	0	0	0	0	443	0	0	0	0	0	0	0	0	0	0	0	0	0	0	0	0	0	0	0	0	0	0	0	508	0	0	0	0	0	0	0	0	0	0	0	0	0	0	0	0	0	0	0	5	0	0	0	0	0	0	0	2	1	0	0	0	0	3	25	0	0	0	3	0	1	
16	0	0	0	0	0	0	454	0	0	0	0	0	0	0	0	0	0	0	0	0	0	0	0	0	0	0	0	0	0	0	304	0	0	0	0	0	0	0	0	0	0	0	0	0	0	0	0	0	0	0	4	0	0	0	0	0	0	0	2	0	0	0	0	0	0	17	0	0	0	0	0	1	
17	0	0	0	0	0	0	371	0	1	0	0	0	0	0	0	0	0	0	0	0	0	0	0	0	0	0	0	0	0	0	283	0	0	0	0	0	0	0	0	0	0	0	0	0	0	0	0	0	0	0	2	0	0	0	0	0	0	0	0	1	0	0	0	0	0	11	0	0	0	1	0	0	
18	0	0	0	0	0	0	329	0	0	0	0	0	0	0	0	0	0	0	0	0	0	0	0	0	0	0	0	0	0	0	205	0	0	0	0	0	0	0	0	0	0	0	0	0	0	0	0	0	0	0	2	0	0	0	0	0	0	0	0	2	0	0	0	0	0	6	0	0	0	0	0	0	
19	0	0	0	0	0	0	222	0	0	0	0	0	0	0	0	0	0	0	0	0	0	0	0	0	0	0	0	0	0	0	105	0	0	0	0	0	0	0	0	0	0	0	0	0	1	0	0	0	0	0	1	0	0	0	0	0	0	0	0	0	0	0	0	0	0	1	0	0	0	0	0	0	
20	0	0	0	0	0	0	270	0	0	0	0	0	0	0	0	0	0	0	0	0	0	0	0	0	0	0	0	0	0	0	121	0	0	0	0	0	0	0	0	0	0	0	0	0	0	0	0	0	0	0	6	0	0	0	0	0	0	0	0	0	0	0	0	0	0	7	0	0	0	0	0	0	
21	0	0	0	0	0	0	441	0	0	0	0	0	0	0	0	0	0	0	0	0	0	0	0	0	0	0	0	0	0	0	298	0	0	0	0	0	0	0	0	0	0	0	0	0	0	0	0	0	0	0	8	0	0	0	0	0	0	0	1	0	0	0	0	0	0	3	0	0	0	1	0	0	
22	0	0	0	0	0	0	460	0	0	0	0	0	0	0	0	0	0	0	0	0	0	0	0	0	0	0	0	0	0	0	294	0	0	0	0	0	0	0	0	0	0	0	0	0	0	0	0	0	0	0	1	0	0	0	0	0	0	0	0	0	0	0	0	0	0	7	0	0	0	1	0	0	
23	0	0	0	0	0	0	473	0	5	0	0	0	0	0	0	0	0	0	0	0	0	0	0	0	0	0	0	0	0	0	254	0	0	0	0	0	0	0	0	0	0	0	0	0	0	0	0	0	0	0	0	0	0	0	0	0	0	0	0	0	0	0	0	0	0	5	0	0	0	0	0	0	
24	0	0	0	0	0	0	407	0	0	0	0	0	0	0	0	0	0	0	0	0	0	0	0	0	0	0	0	0	0	0	248	0	0	0	0	0	0	0	0	0	0	0	0	0	0	0	0	0	0	1	4	0	0	0	0	0	0	0	0	0	0	0	0	0	0	0	0	0	0	0	0	0	
25	0	0	1	0	0	0	391	0	0	0	0	0	0	0	0	0	0	0	0	0	0	0	0	0	0	0	0	0	0	0	205	0	0	0	0	0	0	0	0	0	0	0	0	0	0	0	0	0	0	0	9	0	0	0	0	0	0	0	0	0	0	0	0	0	0	9	0	0	0	4	0	0	
26	0	0	0	0	0	0	230	0	0	0	0	1	0	0	0	0	0	0	3	0	0	0	0	0	0	0	0	0	0	0	95	0	0	1	0	0	0	0	0	0	0	0	1	0	0	0	0	0	0	0	11	0	0	1	1	0	0	0	0	0	0	0	0	0	0	1	0	0	0	0	0	1	
27	0	0	0	0	0	0	264	0	0	0	0	0	0	0	0	0	0	0	0	0	0	0	0	0	0	0	0	0	0	0	125	0	0	0	0	0	0	0	0	1	0	0	0	0	0	0	0	0	0	0	0	0	0	0	0	0	0	0	0	1	0	0	0	0	0	4	0	0	0	1	0	0	
28	0	0	0	0	0	0	439	0	3	0	0	0	0	0	0	0	0	0	0	0	0	0	0	0	0	0	0	0	0	0	292	0	0	0	0	0	0	0	0	0	0	0	0	0	0	0	0	0	0	0	1	0	0	0	0	0	0	0	0	0	0	0	0	0	0	13	0	0	0	0	0	1	
29	0	0	0	0	0	0	476	0	2	0	0	0	0	0	0	0	0	0	0	0	0	0	0	0	0	0	1	0	0	0	336	0	0	0	0	0	0	0	0	0	0	0	0	0	0	0	0	0	0	0	1	0	0	0	0	0	0	0	0	0	0	0	0	0	0	7	0	0	0	1	0	0	
30	0	0	0	0	0	0	452	0	0	0	0	0	0	0	0	0	0	0	0	0	0	0	0	0	0	0	0	0	0	0	348	0	0	0	0	0	0	0	0	0	0	0	0	0	0	0	0	0	0	0	13	0	1	0	0	0	0	0	2	0	0	0	0	0	0	3	0	0	0	1	0	1	
31	0	0	0	0	0	0	512	0	3	0	0	0	0	0	0	0	0	0	0	0	0	0	0	0	0	0	0	0	0	2	339	0	0	0	0	0	0	0	0	0	0	0	0	0	0	0	0	0	0	0	2	0	0	0	0	0	0	0	0	0	0	0	0	0	0	10	0	0	0	1	0	0	
32	0	0	0	0	0	0	443	0	1	0	0	0	0	0	0	0	0	0	0	0	0	0	0	0	0	0	0	0	0	0	233	0	0	0	0	0	0	0	0	0	0	0	0	0	0	0	0	0	0	0	0	0	0	0	0	0	0	0	1	0	0	0	0	0	0	9	0	0	0	0	0	0	
33	0	0	0	0	0	0	325	0	1519	0	0	0	0	0	0	0	0	0	0	0	0	0	0	0	0	0	0	0	0	1	649	0	0	0	0	0	0	0	0	0	0	0	0	0	0	0	0	0	0	0	2	0	0	0	0	0	0	0	0	1	0	0	0	0	0	2	0	0	0	0	0	0	
34	0	0	0	0	0	0	368	0	0	1	0	0	0	0	0	0	0	0	0	0	0	0	0	0	0	0	0	0	0	0	115	0	0	0	0	0	0	0	0	0	0	0	0	0	0	0	0	0	0	0	1	0	0	0	0	0	0	0	1	0	0	0	0	0	0	4	0	0	0	0	0	0	
35	0	0	0	0	0	0	402	0	1	0	0	0	0	1	0	0	0	0	2	0	0	0	0	0	0	0	0	0	0	4	214	0	0	0	0	0	0	0	0	0	0	0	0	0	0	0	0	1	0	0	9	0	0	0	0	0	0	0	1	0	0	0	0	0	0	4	0	0	0	0	0	4	
36	0	0	0	0	0	0	453	0	0	0	0	0	0	0	0	0	0	0	0	0	0	0	0	0	0	0	0	1	0	2	378	0	0	0	0	0	0	0	0	0	0	0	0	0	0	0	0	0	0	0	7	0	0	0	0	0	0	0	1	0	0	0	0	0	0	9	0	0	0	1	0	0	
37	0	0	0	0	0	0	454	0	0	0	0	0	0	0	0	0	0	0	0	0	0	0	0	0	0	0	0	0	0	0	299	0	0	0	0	0	0	0	0	0	0	0	0	0	0	0	0	0	0	0	2	0	0	0	0	0	0	0	0	0	0	0	0	0	0	3	0	0	0	0	0	0	
38	0	0	0	0	0	0	441	0	0	0	0	0	0	0	0	0	0	0	0	0	0	0	0	0	0	0	0	0	0	0	274	0	0	0	0	0	0	0	0	0	0	0	0	0	0	0	0	0	0	0	0	0	0	0	0	0	0	0	0	0	0	1	0	0	0	5	0	0	0	1	0	0	
39	0	0	0	0	0	0	365	0	1	0	0	0	0	0	0	0	0	0	0	0	0	0	0	0	0	0	0	0	0	1	177	0	0	0	0	0	0	0	0	0	0	0	0	0	0	0	0	0	0	0	2	0	0	0	0	0	0	0	0	0	0	0	0	0	0	1	0	0	0	1	0	0	
40	0	0	0	0	0	0	310	0	0	0	0	0	0	0	0	0	0	0	0	0	0	0	0	0	0	0	0	0	0	2	64	0	0	0	0	0	0	0	0	0	0	0	0	0	0	0	0	0	0	0	1	0	0	0	0	0	0	0	0	0	0	0	0	0	0	1	0	0	0	0	0	0	
41	0	0	0	0	0	0	304	0	0	0	0	0	0	0	0	0	0	0	0	0	0	0	0	0	0	0	0	0	0	0	125	0	0	0	0	0	0	0	0	0	0	0	0	0	0	0	0	0	0	0	0	0	0	0	0	0	0	0	0	0	0	0	0	0	5	6	0	0	0	2	0	0	
42	0	0	0	0	0	1	387	0	3	0	0	0	1	0	0	0	0	0	2	0	0	0	0	0	0	1	0	0	0	0	313	0	1	0	0	0	0	0	0	0	0	0	0	0	0	0	0	0	0	0	3	0	0	0	0	0	0	0	0	0	0	0	0	0	0	1	0	1	0	0	0	0	
43	0	0	0	0	0	0	541	1	1	0	0	0	0	0	1	0	0	0	0	0	1	0	0	1	0	0	0	0	0	0	255	0	0	0	1	0	0	0	0	0	0	1	0	0	0	1	0	0	0	0	4	0	0	0	0	0	0	0	1	0	0	0	0	0	0	13	0	0	0	1	1	0	
44	0	0	0	0	0	0	519	0	1	0	0	0	0	0	0	0	0	0	0	0	0	0	0	0	0	0	0	0	0	0	261	0	0	0	0	0	0	0	0	0	0	0	0	0	0	0	0	0	0	0	1	0	0	0	0	0	0	0	0	0	0	0	0	0	0	4	0	0	0	0	0	0	
45	0	0	0	0	0	0	495	0	0	0	1	0	0	0	0	0	0	0	0	0	0	0	0	0	0	0	0	0	0	0	278	0	0	0	0	0	0	0	0	0	0	0	0	0	0	0	0	0	0	0	4	0	0	0	0	0	0	0	0	0	0	0	0	0	0	3	0	0	0	0	0	0	
46	0	0	0	0	0	0	438	0	0	0	0	0	0	0	0	0	0	0	0	0	0	0	0	0	0	0	0	0	0	0	374	0	0	0	0	0	0	0	0	0	0	0	0	0	0	0	0	0	0	0	5	0	0	0	0	9	0	0	0	0	1	0	0	0	0	12	0	0	0	2	0	1	
47	0	0	0	0	0	0	308	0	0	0	0	0	0	0	0	0	0	0	0	0	0	0	0	0	0	0	0	0	0	1	90	0	0	0	0	0	0	0	0	0	0	0	0	0	0	0	0	0	0	0	0	0	0	0	0	0	0	0	0	0	0	0	0	0	1	7	0	0	0	1	0	0	
48	0	0	0	0	0	0	319	0	1	0	0	0	0	0	0	0	0	0	0	0	0	0	0	0	0	0	0	0	0	2	153	0	0	0	0	0	0	0	0	0	0	0	0	0	0	0	0	0	0	0	0	0	0	0	0	0	0	0	2	0	0	0	1	0	0	7	0	0	0	1	0	0	
49	0	0	0	1	0	0	517	0	6	0	0	0	0	0	0	0	0	0	0	0	0	0	0	0	1	0	0	0	0	0	331	0	0	0	0	0	0	0	0	0	0	0	0	0	0	0	0	0	0	0	8	0	0	0	0	0	0	0	1	0	0	0	0	0	0	10	0	0	0	1	0	0	
50	0	0	0	0	0	0	529	0	1	0	0	0	0	0	0	0	0	0	0	0	0	0	0	0	0	0	0	0	0	0	252	0	0	0	0	0	0	0	0	0	0	0	0	1	0	0	0	0	0	0	3	0	0	0	0	0	0	0	0	0	0	0	0	0	0	10	0	0	0	1	0	0	
51	1	0	0	0	0	0	572	0	1	0	0	0	0	0	0	0	0	0	0	1	0	0	0	0	0	0	0	0	0	1	273	0	0	0	0	0	0	0	0	0	0	0	0	0	0	0	0	0	0	0	1	0	0	0	0	0	1	0	0	0	0	0	0	0	0	10	0	0	0	4	0	0	
52	0	0	0	0	1	0	440	0	4	0	0	0	0	0	0	0	0	0	0	0	0	0	0	0	0	0	0	0	0	0	239	0	0	0	0	0	0	0	0	0	0	0	0	0	0	0	0	0	0	0	3	0	0	0	0	0	0	0	1	0	0	0	0	0	1	9	0	0	0	0	0	0	
53	0	0	0	0	0	0	509	0	2	0	0	0	0	0	0	0	0	0	0	0	0	0	0	0	0	0	0	0	0	0	214	0	0	0	0	0	0	0	0	0	0	0	0	0	0	0	0	0	0	0	1	0	0	0	0	0	0	0	0	0	0	0	0	0	0	5	0	0	0	0	0	0	
54	0	0	0	0	0	0	348	0	0	0	0	0	0	0	0	0	0	0	0	0	0	0	0	0	0	0	0	0	0	1	62	0	0	0	0	0	0	0	0	0	0	0	0	0	0	0	0	0	0	0	1	0	0	0	0	0	0	0	0	0	0	0	0	0	0	6	0	0	0	1	0	0	
55	0	0	0	0	0	0	379	0	0	0	0	0	0	0	0	0	0	1	0	0	0	0	0	0	0	0	0	0	0	0	113	0	0	0	0	2	0	0	0	0	0	0	0	0	0	0	0	0	0	0	0	1	0	0	0	0	0	0	0	0	0	0	0	0	0	14	0	0	0	1	0	0	
56	0	0	0	0	0	0	559	0	1	0	0	0	0	0	0	0	0	0	0	0	0	0	1	0	0	0	0	0	0	0	312	0	0	0	0	0	0	0	0	0	0	0	0	0	0	0	1	0	0	0	10	0	0	0	0	0	0	1	0	0	0	0	0	0	0	11	0	0	0	0	0	0	
57	0	0	0	0	0	0	514	0	2	0	0	0	0	0	0	0	0	0	0	0	0	0	0	0	0	0	0	0	0	0	267	0	0	0	0	0	0	0	0	0	0	0	0	0	0	0	0	0	0	0	3	0	0	0	0	0	0	0	0	0	0	0	0	0	0	7	0	0	0	2	0	1	
58	0	0	0	0	0	0	471	0	6	0	0	0	0	0	0	0	1	0	0	0	0	0	0	0	0	0	0	0	0	0	296	0	0	0	0	0	0	0	0	0	0	0	0	0	0	0	0	0	0	0	5	0	0	0	0	0	0	0	0	0	0	0	0	0	0	11	0	0	0	1	0	1	
59	0	0	0	0	0	0	436	0	0	0	0	0	0	0	0	0	0	0	0	0	0	0	0	0	0	0	0	0	0	1	297	0	0	0	0	0	0	0	0	0	0	0	0	0	0	0	0	0	0	0	2	0	0	0	0	0	0	0	0	1	0	0	0	0	0	7	0	0	0	1	0	0	
60	0	0	0	0	0	0	486	0	0	0	0	0	0	0	0	0	0	0	0	0	0	0	0	0	0	0	0	0	0	0	266	0	0	0	0	0	0	0	1	0	0	0	0	0	0	0	0	0	0	0	4	0	0	0	0	0	0	0	0	0	0	0	0	0	0	6	0	0	0	1	0	0	
61	0	0	0	0	0	0	204	0	0	0	0	0	0	0	0	0	0	0	0	0	0	0	0	0	0	0	0	0	0	0	127	0	0	0	0	0	0	0	0	0	0	0	0	0	0	0	0	0	0	0	3	0	0	0	0	0	0	0	0	0	0	0	0	0	0	5	1	0	0	0	0	0	
62	0	0	0	0	0	0	22	0	0	0	0	0	0	0	0	0	0	0	0	0	0	0	0	0	0	0	0	0	0	0	33	0	0	0	0	0	0	0	0	0	0	0	0	0	0	0	0	0	0	0	2	0	0	0	0	0	0	0	1	0	0	0	0	0	0	0	0	0	0	0	0	0	
63	1	1	1	1	1	1	520	1	2	1	1	1	1	1	1	1	1	1	1	1	1	1	1	1	1	1	1	1	1	1	413	1	1	1	1	1	1	1	1	1	1	1	1	1	1	1	1	1	1	1	2	1	1	1	1	1	1	1	1	1	1	1	1	1	1	7	1	1	1	3	1	1	

